{
  "Items": [
    {
      "Barcode": "2PGMBN0000914",
      "Location": "MUM",
      "Branch": "MUM",
      "Status": "STOCK",
      "Counter": 1,
      "Source": "REPAIR",
      "Category": "Ring",
      "Collection": "",
      "Description": "Gold Ring",
      "Metal_Grp": "Gold",
      "STK_Section": "Diamond",
      "Mfgd_By": "WR1",
      "Notes": "",
      "In_STK_Since": "2024-03-13",
      "Cert_No": "ABCD123",
      "HUID_No": "EFGH456",
      "Order_No": 122,
      "Cus_Name": "Akhilesh",
      "Size": "",
      "Quality": "A1",
      "KT": 24,
      "Pcs": 10,
      "Gross_Wt": 12.55,
      "Net_Wt": 10.55,
      "Dia_Pcs": 20,
      "Dia_Wt": 7.65,
      "Cls_Pcs": 0,
      "Cls_Wt": 0.0,
      "Chain_Wt": 100.0,
      "M_Rate": 0.0,
      "M_Value": 0.0,
      "L_Rate": 0.0,
      "L_Charges": 0.0,
      "R_Charges": 0.0,
      "O_Charges": 0.0,
      "MRP": 12345.67,
      "image_link": "https://encrypted-tbn0.gstatic.com/images?q=tbn:ANd9GcTVi-2WRm9rLeQPCE0KaJ94iF8SwQ2Pb5jqDGqIaHRYTQ&s",
      "Table_Data": [
        {
          "Lot_Description": "CBR",
          "Group": "GOLD",
          "Units": "CARATS",
          "Pcs": 1,
          "Weight": 0.05,
          "Rate": 0.0,
          "Value": 0.0,
          "S_Rate": 0.0,
          "S_Value": 0.0
        }
      ]
    },
    {
      "Barcode": "2PGMBN0000915",
      "Location": "DEL",
      "Branch": "DEL",
      "Status": "STOCK",
      "Counter": 1,
      "Source": "PURCHASE",
      "Category": "Necklace",
      "Collection": "Elegant",
      "Description": "Diamond Necklace",
      "Metal_Grp": "Platinum",
      "STK_Section": "Diamond",
      "Mfgd_By": "WR2",
      "Notes": "",
      "In_STK_Since": "2024-04-21",
      "Cert_No": "WXYZ789",
      "HUID_No": "IJKL012",
      "Order_No": 123,
      "Cus_Name": "Sophia",
      "Size": "",
      "Quality": "A1",
      "KT": 18,
      "Pcs": 1,
      "Gross_Wt": 8.2,
      "Net_Wt": 7.5,
      "Dia_Pcs": 30,
      "Dia_Wt": 10.0,
      "Cls_Pcs": 0,
      "Cls_Wt": 0.0,
      "Chain_Wt": 50.0,
      "M_Rate": 0.0,
      "M_Value": 0.0,
      "L_Rate": 0.0,
      "L_Charges": 0.0,
      "R_Charges": 0.0,
      "O_Charges": 0.0,
      "MRP": 54321.0,
      "image_link": "https://encrypted-tbn0.gstatic.com/images?q=tbn:ANd9GcTHlZZ1Pv-Qv4XKzCS-yAERGk9ebq7wXa-LtLlWfW5egA&s",
      "Table_Data": [
        {
          "Lot_Description": "DBR",
          "Group": "DIAMOND",
          "Units": "CARATS",
          "Pcs": 1,
          "Weight": 0.1,
          "Rate": 0.0,
          "Value": 0.0,
          "S_Rate": 0.0,
          "S_Value": 0.0
        }
      ]
    },
    {
      "Barcode": "2PGMBN0000916",
      "Location": "BLR",
      "Branch": "BLR",
      "Status": "STOCK",
      "Counter": 1,
      "Source": "REPAIR",
      "Category": "Bracelet",
      "Collection": "",
      "Description": "Silver Bracelet",
      "Metal_Grp": "Silver",
      "STK_Section": "Gemstone",
      "Mfgd_By": "WR3",
      "Notes": "",
      "In_STK_Since": "2024-05-01",
      "Cert_No": "PQRS456",
      "HUID_No": "MNOP789",
      "Order_No": 124,
      "Cus_Name": "Emily",
      "Size": "Medium",
      "Quality": "A1",
      "KT": 92.5,
      "Pcs": 1,
      "Gross_Wt": 15.3,
      "Net_Wt": 14.5,
      "Dia_Pcs": 0,
      "Dia_Wt": 0.0,
      "Cls_Pcs": 0,
      "Cls_Wt": 0.0,
      "Chain_Wt": 0.0,
      "M_Rate": 0.0,
      "M_Value": 0.0,
      "L_Rate": 0.0,
      "L_Charges": 0.0,
      "R_Charges": 0.0,
      "O_Charges": 0.0,
      "MRP": 7890.12,
      "image_link": "https://miro.medium.com/v2/resize:fit:350/1*JxErFZXNW4-F0DHJ7kR0Tg.jpeg",
      "Table_Data": [
        {
          "Lot_Description": "SBR",
          "Group": "SILVER",
          "Units": "KILOGRAMS",
          "Pcs": 1,
          "Weight": 0.015,
          "Rate": 0.0,
          "Value": 0.0,
          "S_Rate": 0.0,
          "S_Value": 0.0
        },
        {
          "Lot_Description": "GTR",
          "Group": "GEMSTONE",
          "Units": "CARATS",
          "Pcs": 1,
          "Weight": 0.2,
          "Rate": 0.0,
          "Value": 0.0,
          "S_Rate": 0.0,
          "S_Value": 0.0
        }
      ]
    },
    {
      "Barcode": "2PGMBN0000917",
      "Location": "MUM",
      "Branch": "MUM",
      "Status": "SOLD",
      "Counter": 1,
      "Source": "SALE",
      "Category": "Earrings",
      "Collection": "Classic",
      "Description": "Pearl Earrings",
      "Metal_Grp": "Gold",
      "STK_Section": "Gemstone",
      "Mfgd_By": "WR4",
      "Notes": "",
      "In_STK_Since": "2024-02-15",
      "Cert_No": "UVWX234",
      "HUID_No": "QRST567",
      "Order_No": 125,
      "Cus_Name": "Oliver",
      "Size": "",
      "Quality": "A1",
      "KT": 24,
      "Pcs": 1,
      "Gross_Wt": 5.0,
      "Net_Wt": 4.5,
      "Dia_Pcs": 10,
      "Dia_Wt": 2.0,
      "Cls_Pcs": 0,
      "Cls_Wt": 0.0,
      "Chain_Wt": 0.0,
      "M_Rate": 0.0,
      "M_Value": 0.0,
      "L_Rate": 0.0,
      "L_Charges": 0.0,
      "R_Charges": 0.0,
      "O_Charges": 0.0,
      "MRP": 8765.43,
      "image_link": "https://qph.cf2.quoracdn.net/main-qimg-ae32cd5721e9dc2b54eb0165a74cd526-lq",
      "Table_Data": [
        {
          "Lot_Description": "PRL",
          "Group": "PEARL",
          "Units": "CARATS",
          "Pcs": 1,
          "Weight": 0.1,
          "Rate": 0.0,
          "Value": 0.0,
          "S_Rate": 0.0,
          "S_Value": 0.0
        },
        {
          "Lot_Description": "GTR",
          "Group": "GEMSTONE",
          "Units": "CARATS",
          "Pcs": 1,
          "Weight": 0.05,
          "Rate": 0.0,
          "Value": 0.0,
          "S_Rate": 0.0,
          "S_Value": 0.0
        }
      ]
    }
  ]
}
